factor,base_factor,group,w_final
f09_c,f09,G3,0.20698731992587663
f06_c,f06,G3,0.17521535090343152
f04,f04,G1,0.14962466216251874
f08,f08,G1,0.12541826978320386
f05_c,f05,G3,0.08791391934663909
f03_c,f03,G2,0.08101237025616392
f07,f07,G3,0.06924742691226675
f01,f01,G2,0.06898762974383606
f02,f02,G1,0.024957068054277318
f10_c,f10,G3,0.010635982911786008
