{
  "weights_mode": "CSV:data/analysis/final_weights_1Y_kospi.csv",
  "feature_cols_used": [
    "f01_score",
    "f02_score",
    "f03_score",
    "f04_score",
    "f05_score",
    "f06_score",
    "f07_score",
    "f08_score",
    "f09_score",
    "f10_score",
    "f09_c",
    "f06_c",
    "f05_c",
    "f03_c",
    "f10_c"
  ],
  "weights": {
    "f09_c": 0.20698731992587668,
    "f06_c": 0.17521535090343157,
    "f04_score": 0.14962466216251877,
    "f08_score": 0.12541826978320386,
    "f05_c": 0.08791391934663904,
    "f03_c": 0.08101237025616394,
    "f07_score": 0.06924742691226672,
    "f01_score": 0.06898762974383603,
    "f02_score": 0.02495706805427731,
    "f10_c": 0.010635982911786005
  },
  "note": "weights are static. per-date dynamic adjustment is applied only to f08 when f08_score>=90 (multiplier=0.5) then renormalized."
}